dbn,school_name,num_of_sat_test_takers,sat_critical_reading_avg._score,sat_math_avg._score,sat_writing_avg._score,sat_total,boro,total_students,borough,asian_per,black_per,hispanic_per,white_per,ell_percent,sped_percent,female_per,male_per,ap_test_takers,grad_rate
01M292,HENRY STREET SCHOOL FOR INTERNATIONAL STUDIES,29.0,355.0,404.0,363.0,1122.0,Manhattan,323.0,Manhattan,14.0,29.1,53.8,1.7,22.3,24.9,38.6,61.4,,44.0
01M448,UNIVERSITY NEIGHBORHOOD HIGH SCHOOL,91.0,383.0,423.0,366.0,1172.0,Manhattan,299.0,Manhattan,29.2,22.6,45.9,2.3,21.1,21.8,42.6,57.4,39.0,60.0
01M450,EAST SIDE COMMUNITY SCHOOL,70.0,377.0,402.0,370.0,1149.0,Manhattan,649.0,Manhattan,9.7,23.9,55.4,10.4,5.0,26.4,45.3,54.7,19.0,71.0
01M509,MARTA VALLE HIGH SCHOOL,44.0,390.0,433.0,384.0,1207.0,Manhattan,401.0,Manhattan,9.3,31.6,56.9,1.6,11.2,25.9,53.7,46.3,,50.0
01M539,"NEW EXPLORATIONS INTO SCIENCE, TECHNOLOGY AND MATH HIGH SCHOOL",159.0,522.0,574.0,525.0,1621.0,Manhattan,1725.0,Manhattan,27.8,11.7,14.2,44.9,0.2,2.7,50.8,49.2,255.0,46.0
01M696,BARD HIGH SCHOOL EARLY COLLEGE,130.0,624.0,604.0,628.0,1856.0,Manhattan,560.0,Manhattan,15.1,15.1,18.2,49.8,0.2,0.8,68.7,31.3,,136.0
02M047,47 THE AMERICAN SIGN LANGUAGE AND ENGLISH SECONDARY SCHOOL,16.0,395.0,400.0,387.0,1182.0,Manhattan,184.0,Manhattan,1.7,32.2,59.2,6.3,8.0,32.2,57.5,42.5,,19.0
02M288,FOOD AND FINANCE HIGH SCHOOL,62.0,409.0,393.0,392.0,1194.0,Manhattan,443.0,Manhattan,3.0,44.1,47.6,4.8,2.1,18.5,55.0,45.0,,92.0
02M294,ESSEX STREET ACADEMY,53.0,394.0,384.0,378.0,1156.0,Manhattan,349.0,Manhattan,4.1,27.7,60.6,7.6,3.8,20.4,46.6,53.4,,67.0
02M296,HIGH SCHOOL OF HOSPITALITY MANAGEMENT,58.0,374.0,375.0,362.0,1111.0,Manhattan,431.0,Manhattan,5.3,26.5,66.1,2.1,9.5,14.8,67.8,32.2,0.0,60.0
02M298,PACE HIGH SCHOOL,85.0,423.0,438.0,432.0,1293.0,Manhattan,421.0,Manhattan,10.1,32.4,42.0,3.9,2.2,13.8,56.3,43.7,21.0,79.0
02M300,"URBAN ASSEMBLY SCHOOL OF DESIGN AND CONSTRUCTION, THE",48.0,404.0,449.0,416.0,1269.0,Manhattan,427.0,Manhattan,6.0,29.2,59.2,4.9,10.9,20.0,25.1,74.9,99.0,57.0
02M303,"FACING HISTORY SCHOOL, THE",76.0,353.0,358.0,340.0,1051.0,Manhattan,417.0,Manhattan,0.7,23.5,73.2,2.4,20.8,21.7,49.4,50.6,42.0,42.0
02M305,"URBAN ASSEMBLY ACADEMY OF GOVERNMENT AND LAW, THE",50.0,375.0,388.0,385.0,1148.0,Manhattan,326.0,Manhattan,3.8,41.7,50.6,3.5,6.1,17.0,56.1,43.9,25.0,46.0
02M308,LOWER MANHATTAN ARTS ACADEMY,40.0,403.0,392.0,405.0,1200.0,Manhattan,362.0,Manhattan,9.5,30.7,55.7,3.6,3.9,24.7,60.1,39.9,0.0,48.0
02M316,"URBAN ASSEMBLY SCHOOL OF BUSINESS FOR YOUNG WOMEN, THE",42.0,373.0,370.0,384.0,1127.0,Manhattan,412.0,Manhattan,3.4,46.8,48.4,1.3,2.6,15.6,100.0,0.0,,58.0
02M374,GRAMERCY ARTS HIGH SCHOOL,60.0,391.0,391.0,394.0,1176.0,Manhattan,548.0,Manhattan,2.8,45.3,45.1,6.7,3.0,12.3,73.7,26.3,,73.0
02M376,NYC ISCHOOL,92.0,473.0,483.0,479.0,1435.0,Manhattan,433.0,Manhattan,11.5,20.6,43.0,24.0,0.5,10.9,51.3,48.7,,
02M400,HIGH SCHOOL FOR ENVIRONMENTAL STUDIES,263.0,465.0,493.0,461.0,1419.0,Manhattan,1312.0,Manhattan,16.7,14.8,57.2,11.1,7.1,14.4,49.6,50.4,213.0,287.0
02M407,INSTITUTE FOR COLLABORATIVE EDUCATION,54.0,492.0,465.0,467.0,1424.0,Manhattan,468.0,Manhattan,6.3,10.2,17.6,54.6,0.4,8.8,44.8,55.2,,44.0
02M408,PROFESSIONAL PERFORMING ARTS HIGH SCHOOL,94.0,509.0,490.0,523.0,1522.0,Manhattan,512.0,Manhattan,7.0,19.1,23.7,41.8,2.0,3.2,74.7,25.3,20.0,78.0
02M411,BARUCH COLLEGE CAMPUS HIGH SCHOOL,104.0,496.0,563.0,518.0,1577.0,Manhattan,439.0,Manhattan,60.6,5.8,14.6,18.8,1.6,2.3,56.0,44.0,78.0,103.0
02M412,N.Y.C. LAB SCHOOL FOR COLLABORATIVE STUDIES,114.0,537.0,590.0,550.0,1677.0,Manhattan,599.0,Manhattan,29.4,8.5,14.0,45.9,1.6,15.0,53.0,47.0,114.0,118.0
02M413,SCHOOL OF THE FUTURE HIGH SCHOOL,66.0,517.0,533.0,515.0,1565.0,Manhattan,715.0,Manhattan,16.0,12.3,26.0,38.0,2.1,14.6,49.2,50.8,11.0,75.0
02M414,N.Y.C. MUSEUM SCHOOL,103.0,468.0,492.0,459.0,1419.0,Manhattan,462.0,Manhattan,33.0,11.7,39.9,15.4,0.5,9.4,57.6,42.4,0.0,102.0
02M416,ELEANOR ROOSEVELT HIGH SCHOOL,127.0,572.0,594.0,592.0,1758.0,Manhattan,531.0,Manhattan,17.2,5.5,11.6,63.7,0.2,1.2,67.5,32.5,155.0,127.0
02M418,MILLENNIUM HIGH SCHOOL,144.0,528.0,553.0,533.0,1614.0,Manhattan,619.0,Manhattan,30.0,8.8,21.7,35.9,0.2,9.1,61.8,38.2,86.0,149.0
02M419,LANDMARK HIGH SCHOOL,62.0,390.0,399.0,381.0,1170.0,Manhattan,396.0,Manhattan,5.2,18.1,74.8,1.9,15.7,18.8,51.5,48.5,,61.0
02M420,HIGH SCHOOL FOR HEALTH PROFESSIONS AND HUMAN SERVICES,336.0,429.0,449.0,428.0,1306.0,Manhattan,1706.0,Manhattan,20.5,24.4,49.7,5.3,4.0,10.9,70.6,29.4,204.0,294.0
02M425,LEADERSHIP AND PUBLIC SERVICE HIGH SCHOOL,84.0,416.0,426.0,391.0,1233.0,Manhattan,685.0,Manhattan,8.1,30.5,54.2,6.6,5.4,18.6,53.9,46.1,70.0,93.0
02M439,MANHATTAN VILLAGE ACADEMY,95.0,441.0,473.0,458.0,1372.0,Manhattan,414.0,Manhattan,6.3,16.8,71.8,4.9,3.7,8.2,61.5,38.5,42.0,108.0
02M449,VANGUARD HIGH SCHOOL,72.0,395.0,416.0,388.0,1199.0,Manhattan,469.0,Manhattan,9.9,25.7,59.0,4.5,6.1,17.3,53.8,46.2,,53.0
02M459,MANHATTAN INTERNATIONAL HIGH SCHOOL,49.0,376.0,460.0,391.0,1227.0,Manhattan,331.0,Manhattan,33.5,14.8,36.9,14.5,77.5,0.3,55.7,44.3,12.0,41.0
02M475,STUYVESANT HIGH SCHOOL,832.0,679.0,735.0,682.0,2096.0,Manhattan,3292.0,Manhattan,72.1,1.2,2.4,23.7,0.0,0.4,40.7,59.3,1510.0,780.0
02M489,HIGH SCHOOL OF ECONOMICS AND FINANCE,167.0,443.0,489.0,442.0,1374.0,Manhattan,767.0,Manhattan,24.8,22.5,43.5,8.8,6.3,11.9,45.5,54.5,101.0,150.0
02M500,UNITY CENTER FOR URBAN TECHNOLOGIES,25.0,370.0,349.0,351.0,1070.0,Manhattan,255.0,Manhattan,3.8,35.0,55.3,2.5,15.6,32.9,37.6,62.4,,39.0
02M519,TALENT UNLIMITED HIGH SCHOOL,81.0,469.0,472.0,475.0,1416.0,Manhattan,530.0,Manhattan,4.5,36.0,39.3,19.8,0.2,3.5,78.6,21.4,30.0,127.0
02M520,MURRY BERGTRAUM HIGH SCHOOL FOR BUSINESS CAREERS,264.0,407.0,440.0,393.0,1240.0,Manhattan,1466.0,Manhattan,10.5,39.9,46.6,2.3,10.2,14.1,50.9,49.1,118.0,386.0
02M529,JACQUELINE KENNEDY ONASSIS HIGH SCHOOL,131.0,414.0,425.0,400.0,1239.0,Manhattan,709.0,Manhattan,5.1,22.7,69.9,1.8,9.8,13.7,59.4,40.6,80.0,103.0
02M531,REPERTORY COMPANY HIGH SCHOOL FOR THEATRE ARTS,42.0,429.0,404.0,420.0,1253.0,Manhattan,236.0,Manhattan,1.4,47.9,42.4,7.4,0.5,5.1,78.8,21.2,,43.0
02M542,MANHATTAN BRIDGES HIGH SCHOOL,66.0,336.0,378.0,344.0,1058.0,Manhattan,552.0,Manhattan,0.2,0.0,99.8,0.0,72.6,1.7,48.6,51.4,67.0,82.0
02M543,NEW DESIGN HIGH SCHOOL,73.0,391.0,395.0,382.0,1168.0,Manhattan,439.0,Manhattan,3.8,30.3,62.2,2.6,5.4,17.5,61.7,38.3,,68.0
02M545,HIGH SCHOOL FOR DUAL LANGUAGE AND ASIAN STUDIES,78.0,412.0,581.0,431.0,1424.0,Manhattan,410.0,Manhattan,89.5,3.4,4.0,2.3,38.2,2.3,48.7,51.3,61.0,51.0
02M551,THE URBAN ASSEMBLY NEW YORK HARBOR SCHOOL,77.0,405.0,423.0,384.0,1212.0,Manhattan,439.0,Manhattan,2.3,37.4,49.3,10.2,4.2,17.9,39.1,60.9,7.0,62.0
02M580,RICHARD R. GREEN HIGH SCHOOL OF TEACHING,84.0,408.0,384.0,403.0,1195.0,Manhattan,593.0,Manhattan,2.3,35.1,59.3,2.3,6.4,21.8,67.4,32.6,67.0,93.0
02M600,THE HIGH SCHOOL OF FASHION INDUSTRIES,335.0,423.0,423.0,411.0,1257.0,Manhattan,1732.0,Manhattan,3.8,39.1,52.3,4.1,2.8,11.5,92.7,7.3,70.0,376.0
02M605,HUMANITIES PREPARATORY ACADEMY,36.0,426.0,403.0,426.0,1255.0,Manhattan,210.0,Manhattan,7.3,21.9,57.8,11.5,1.0,6.8,57.3,42.7,,40.0
02M615,CHELSEA CAREER AND TECHNICAL EDUCATION HIGH SCHOOL,83.0,399.0,418.0,390.0,1207.0,Manhattan,443.0,Manhattan,7.1,29.6,60.5,1.5,6.2,15.7,35.0,65.0,52.0,90.0
02M630,ART AND DESIGN HIGH SCHOOL,270.0,444.0,441.0,430.0,1315.0,Manhattan,1438.0,Manhattan,9.0,26.8,51.0,12.6,1.6,11.1,53.3,46.7,84.0,231.0
02M655,LIFE SCIENCES SECONDARY SCHOOL,61.0,409.0,424.0,403.0,1236.0,Manhattan,771.0,Manhattan,3.3,28.6,64.3,2.4,7.9,19.7,48.4,51.6,50.0,101.0
03M299,"HIGH SCHOOL FOR ARTS, IMAGINATION AND INQUIRY",49.0,374.0,384.0,374.0,1132.0,Manhattan,435.0,Manhattan,1.0,37.3,58.9,1.4,14.4,19.6,44.3,55.7,,70.0
03M307,"URBAN ASSEMBLY SCHOOL FOR MEDIA STUDIES, THE",41.0,384.0,390.0,370.0,1144.0,Manhattan,387.0,Manhattan,2.2,37.4,56.0,3.0,12.8,15.3,42.1,57.9,,62.0
03M415,WADLEIGH SECONDARY SCHOOL FOR THE PERFORMING & VISUAL ARTS,32.0,371.0,368.0,370.0,1109.0,Manhattan,531.0,Manhattan,0.4,59.9,38.8,0.8,7.4,18.8,61.6,38.4,65.0,90.0
03M479,BEACON HIGH SCHOOL,261.0,577.0,575.0,592.0,1744.0,Manhattan,1276.0,Manhattan,8.9,14.6,22.8,49.8,0.2,3.7,61.0,39.0,166.0,263.0
03M485,FIORELLO H. LAGUARDIA HIGH SCHOOL OF MUSIC & ART AND PERFORMING ARTS,531.0,566.0,564.0,577.0,1707.0,Manhattan,2730.0,Manhattan,19.6,12.9,16.6,49.2,0.2,1.0,73.6,26.4,691.0,632.0
03M492,"HIGH SCHOOL FOR LAW, ADVOCACY AND COMMUNITY JUSTICE",66.0,396.0,398.0,402.0,1196.0,Manhattan,531.0,Manhattan,1.3,46.2,48.1,1.8,10.5,15.5,59.9,40.1,,86.0
03M494,HIGH SCHOOL OF ARTS AND TECHNOLOGY,75.0,433.0,433.0,411.0,1277.0,Manhattan,588.0,Manhattan,5.0,34.8,57.2,2.3,10.4,17.2,32.3,67.7,38.0,89.0
03M541,MANHATTAN / HUNTER SCIENCE HIGH SCHOOL,111.0,473.0,506.0,467.0,1446.0,Manhattan,460.0,Manhattan,25.6,21.4,41.5,10.2,1.3,3.8,58.9,41.1,,84.0
03M860,FREDERICK DOUGLASS ACADEMY II SECONDARY SCHOOL,43.0,356.0,379.0,361.0,1096.0,Manhattan,429.0,Manhattan,0.7,77.7,18.9,1.5,5.8,20.8,45.8,54.2,11.0,40.0
04M409,COALITION SCHOOL FOR SOCIAL CHANGE,48.0,354.0,357.0,373.0,1084.0,Manhattan,311.0,Manhattan,0.9,39.3,58.7,0.9,9.7,24.4,55.6,44.4,18.0,52.0
04M435,MANHATTAN CENTER FOR SCIENCE AND MATHEMATICS,375.0,461.0,514.0,455.0,1430.0,Manhattan,1588.0,Manhattan,20.1,19.7,57.4,2.2,2.7,5.8,53.6,46.4,328.0,342.0
04M495,PARK EAST HIGH SCHOOL,51.0,373.0,379.0,376.0,1128.0,Manhattan,409.0,Manhattan,4.9,33.2,59.6,0.3,4.3,10.6,57.9,42.1,0.0,58.0
04M555,CENTRAL PARK EAST HIGH SCHOOL,73.0,405.0,421.0,395.0,1221.0,Manhattan,479.0,Manhattan,6.5,26.7,64.5,1.6,4.0,13.5,67.9,32.1,0.0,45.0
04M610,YOUNG WOMEN'S LEADERSHIP SCHOOL,70.0,432.0,446.0,448.0,1326.0,Manhattan,464.0,Manhattan,5.1,31.2,60.1,1.6,2.2,6.7,100.0,0.0,41.0,55.0
04M610,YOUNG WOMEN'S LEADERSHIP SCHOOL,70.0,432.0,446.0,448.0,1326.0,Manhattan,464.0,Manhattan,5.1,31.2,60.1,1.6,2.2,6.7,100.0,0.0,0.0,55.0
04M680,"HERITAGE SCHOOL, THE",31.0,358.0,351.0,345.0,1054.0,Manhattan,351.0,Manhattan,0.3,28.9,69.4,1.0,6.8,24.8,51.4,48.6,,48.0
05M304,MOTT HALL HIGH SCHOOL,54.0,413.0,399.0,398.0,1210.0,Manhattan,425.0,Manhattan,0.9,35.0,63.8,0.2,8.7,15.5,46.5,53.5,11.0,73.0
05M367,ACADEMY FOR SOCIAL ACTION: A COLLEGE BOARD SCHOOL,33.0,354.0,366.0,342.0,1062.0,Manhattan,309.0,Manhattan,0.5,61.4,38.1,0.0,9.9,21.6,51.3,48.7,17.0,
05M369,URBAN ASSEMBLY SCHOOL FOR THE PERFORMING ARTS,56.0,360.0,353.0,364.0,1077.0,Manhattan,354.0,Manhattan,0.5,59.1,38.2,0.8,6.1,16.6,74.6,25.4,,45.0
05M499,FREDERICK DOUGLASS ACADEMY,214.0,458.0,474.0,442.0,1374.0,Manhattan,1489.0,Manhattan,1.2,74.4,22.8,1.3,2.4,8.9,47.8,52.2,163.0,220.0
05M670,THURGOOD MARSHALL ACADEMY FOR LEARNING AND SOCIAL CHANGE,66.0,396.0,402.0,404.0,1202.0,Manhattan,572.0,Manhattan,0.2,78.1,20.9,0.2,1.4,10.0,55.9,44.1,37.0,68.0
05M692,"HIGH SCHOOL FOR MATHEMATICS, SCIENCE AND ENGINEERING AT CITY COLLEGE",101.0,605.0,654.0,588.0,1847.0,Manhattan,456.0,Manhattan,36.2,15.0,21.2,26.1,0.0,0.0,34.2,65.8,114.0,105.0
06M293,CITY COLLEGE ACADEMY OF THE ARTS,60.0,408.0,446.0,416.0,1270.0,Manhattan,593.0,Manhattan,0.7,6.0,92.0,1.2,6.1,13.1,60.4,39.6,,
06M346,COMMUNITY HEALTH ACADEMY OF THE HEIGHTS,55.0,362.0,376.0,367.0,1105.0,Manhattan,600.0,Manhattan,0.2,5.2,93.8,0.8,30.0,17.3,47.7,52.3,,
06M348,WASHINGTON HEIGHTS EXPEDITIONARY LEARNING SCHOOL,70.0,380.0,395.0,399.0,1174.0,Manhattan,650.0,Manhattan,0.0,2.3,96.7,0.3,19.6,18.1,44.2,55.8,,
06M462,HIGH SCHOOL FOR INTERNATIONAL BUSINESS AND FINANCE,76.0,365.0,384.0,378.0,1127.0,Manhattan,546.0,Manhattan,0.5,5.2,91.4,1.4,43.0,13.7,36.2,63.8,108.0,145.0
06M463,HIGH SCHOOL FOR MEDIA AND COMMUNICATIONS,63.0,369.0,380.0,349.0,1098.0,Manhattan,523.0,Manhattan,1.0,10.7,87.1,0.5,26.9,17.0,36.5,63.5,37.0,109.0
06M467,HIGH SCHOOL FOR LAW AND PUBLIC SERVICE,94.0,363.0,378.0,361.0,1102.0,Manhattan,679.0,Manhattan,1.0,13.0,84.4,1.3,32.0,16.7,41.4,58.6,141.0,132.0
06M468,HIGH SCHOOL FOR HEALTH CAREERS AND SCIENCES,24.0,400.0,422.0,402.0,1224.0,Manhattan,624.0,Manhattan,0.7,13.7,83.8,1.0,31.2,13.8,47.3,52.7,32.0,97.0
06M540,A. PHILIP RANDOLPH CAMPUS HIGH SCHOOL,228.0,430.0,456.0,423.0,1309.0,Manhattan,1360.0,Manhattan,4.0,32.8,62.3,0.7,2.3,5.5,50.1,49.9,165.0,206.0
06M552,GREGORIO LUPERON HIGH SCHOOL FOR SCIENCE AND MATHEMATICS,56.0,339.0,349.0,326.0,1014.0,Manhattan,491.0,Manhattan,0.0,0.0,99.8,0.0,89.6,0.0,51.1,48.9,88.0,74.0
07X221,SOUTH BRONX PREPARATORY: A COLLEGE BOARD SCHOOL,65.0,364.0,378.0,348.0,1090.0,Bronx,644.0,Bronx,0.6,29.9,68.8,0.5,8.8,19.3,52.6,47.4,63.0,72.0
07X334,INTERNATIONAL COMMUNITY HIGH SCHOOL,34.0,310.0,324.0,311.0,945.0,Bronx,437.0,Bronx,4.8,20.1,71.8,2.0,90.1,1.8,51.4,48.6,,
07X427,COMMUNITY SCHOOL FOR SOCIAL JUSTICE,43.0,361.0,359.0,357.0,1077.0,Bronx,335.0,Bronx,0.6,32.3,65.5,0.9,13.2,19.7,50.8,49.2,,55.0
07X473,MOTT HAVEN VILLAGE PREPARATORY HIGH SCHOOL,63.0,351.0,375.0,371.0,1097.0,Bronx,344.0,Bronx,1.1,22.6,76.0,0.0,9.6,18.5,49.9,50.1,,48.0
07X495,UNIVERSITY HEIGHTS SECONDARY SCHOOL,79.0,403.0,394.0,404.0,1201.0,Bronx,466.0,Bronx,2.6,18.1,78.1,1.3,3.7,5.2,56.8,43.2,,
07X500,HOSTOSsLINCOLN ACADEMY OF SCIENCE,66.0,420.0,426.0,411.0,1257.0,Bronx,537.0,Bronx,2.0,24.0,72.7,0.7,5.6,11.9,54.8,45.2,64.0,58.0
07X520,FOREIGN LANGUAGE ACADEMY OF GLOBAL STUDIES,64.0,399.0,396.0,391.0,1186.0,Bronx,189.0,Bronx,3.2,26.0,68.8,1.0,21.9,22.5,54.7,45.3,13.0,87.0
07X527,BRONX LEADERSHIP ACADEMY II HIGH SCHOOL,62.0,362.0,378.0,363.0,1103.0,Bronx,515.0,Bronx,1.4,41.2,56.0,1.0,14.1,18.5,46.0,54.0,30.0,74.0
07X547,NEW EXPLORERS HIGH SCHOOL,28.0,367.0,356.0,361.0,1084.0,Bronx,463.0,Bronx,0.5,30.3,68.1,0.5,15.7,25.1,42.3,57.7,18.0,45.0
07X548,URBAN ASSEMBLY SCHOOL FOR CAREERS IN SPORTS,44.0,387.0,411.0,383.0,1181.0,Bronx,575.0,Bronx,0.4,26.6,70.4,0.4,5.0,18.7,15.7,84.3,0.0,73.0
07X551,BRONX ACADEMY OF LETTERS,51.0,413.0,381.0,407.0,1201.0,Bronx,584.0,Bronx,0.5,34.1,64.3,0.9,9.4,24.0,55.5,44.5,53.0,58.0
07X600,ALFRED E. SMITH CAREER AND TECHNICAL EDUCATION HIGH SCHOOL,76.0,394.0,400.0,364.0,1158.0,Bronx,390.0,Bronx,1.4,35.9,61.5,0.7,9.1,22.0,7.3,92.7,11.0,118.0
07X670,HEALTH OPPORTUNITIES HIGH SCHOOL,114.0,363.0,368.0,364.0,1095.0,Bronx,577.0,Bronx,3.1,39.2,56.9,0.5,10.4,19.6,71.4,28.6,61.0,97.0
08X282,WOMEN'S ACADEMY OF EXCELLENCE,44.0,407.0,386.0,378.0,1171.0,Bronx,395.0,Bronx,2.9,45.9,46.4,2.4,2.6,15.6,99.7,0.3,21.0,58.0
08X293,RENAISSANCE HIGH SCHOOL FOR MUSICAL THEATER & TECHNOLOGY,52.0,384.0,385.0,389.0,1158.0,Bronx,454.0,Bronx,2.6,25.4,63.8,7.7,4.5,21.7,62.0,38.0,22.0,82.0
08X305,PABLO NERUDA ACADEMY FOR ARCHITECTURE AND WORLD STUDIES,67.0,337.0,361.0,340.0,1038.0,Bronx,335.0,Bronx,2.5,26.2,69.9,1.4,15.9,27.3,34.0,66.0,0.0,58.0
08X312,MILLENNIUM ART ACADEMY,67.0,387.0,402.0,375.0,1164.0,Bronx,496.0,Bronx,1.8,32.5,64.3,1.0,5.4,20.4,50.8,49.2,35.0,68.0
08X332,HOLCOMBE L. RUCKER SCHOOL OF COMMUNITY RESEARCH,39.0,363.0,371.0,350.0,1084.0,Bronx,261.0,Bronx,0.9,39.9,56.8,0.6,12.6,18.0,50.8,49.2,20.0,51.0
08X405,HERBERT H. LEHMAN HIGH SCHOOL,415.0,412.0,436.0,393.0,1241.0,Bronx,2059.0,Bronx,6.8,23.0,60.6,9.0,9.2,20.9,38.9,61.1,430.0,565.0
08X452,BRONX GUILD,39.0,369.0,371.0,365.0,1105.0,Bronx,315.0,Bronx,3.9,33.8,61.3,0.7,7.2,23.0,50.5,49.5,,42.0
08X519,"FELISA RINCON DE GAUTIER INSTITUTE FOR LAW AND PUBLIC POLICY, THE",68.0,373.0,370.0,356.0,1099.0,Bronx,341.0,Bronx,1.4,21.8,76.0,0.6,14.0,20.9,57.0,43.0,,61.0
08X530,BANANA KELLY HIGH SCHOOL,54.0,373.0,381.0,377.0,1131.0,Bronx,364.0,Bronx,0.7,32.6,65.4,1.1,13.5,25.7,50.1,49.9,,50.0
09X227,BRONX EXPEDITIONARY LEARNING HIGH SCHOOL,39.0,324.0,376.0,349.0,1049.0,Bronx,356.0,Bronx,1.1,27.9,69.3,0.8,29.3,21.1,49.9,50.1,,59.0
09X231,EAGLE ACADEMY FOR YOUNG MEN,78.0,373.0,387.0,374.0,1134.0,Bronx,645.0,Bronx,0.7,63.1,33.8,0.5,4.0,24.2,0.0,100.0,32.0,72.0
09X241,"URBAN ASSEMBLY SCHOOL FOR APPLIED MATH AND SCIENCE, THE",80.0,411.0,464.0,415.0,1290.0,Bronx,605.0,Bronx,2.6,32.0,63.4,1.5,9.4,14.7,50.7,49.3,16.0,
09X250,EXIMIUS COLLEGE PREPARATORY ACADEMY: A COLLEGE BOARD SCHOOL,50.0,393.0,394.0,382.0,1169.0,Bronx,423.0,Bronx,0.6,40.7,58.1,0.3,8.1,18.8,53.4,46.6,90.0,49.0
09X252,MOTT HALL BRONX HIGH SCHOOL,67.0,369.0,367.0,356.0,1092.0,Bronx,379.0,Bronx,1.1,24.3,73.7,0.8,8.8,15.5,54.0,45.8,,91.0
09X260,BRONX CENTER FOR SCIENCE AND MATHEMATICS,81.0,459.0,480.0,457.0,1396.0,Bronx,461.0,Bronx,5.9,24.3,68.7,1.1,1.6,14.0,53.8,46.2,62.0,93.0
09X263,VALIDUS PREPARATORY ACADEMY: AN EXPEDITIONARY LEARNING SCHOOL,74.0,356.0,363.0,356.0,1075.0,Bronx,374.0,Bronx,1.1,34.2,63.8,0.3,12.1,16.2,55.9,44.1,7.0,96.0
09X276,LEADERSHIP INSTITUTE,30.0,361.0,353.0,367.0,1081.0,Bronx,227.0,Bronx,1.7,33.0,63.5,1.3,16.5,16.1,47.8,52.2,17.0,37.0
09X297,MORRIS ACADEMY FOR COLLABORATIVE STUDIES,38.0,386.0,386.0,376.0,1148.0,Bronx,464.0,Bronx,0.4,26.0,73.1,0.4,19.1,22.4,46.2,53.8,,68.0
09X329,DREAMYARD PREPARATORY SCHOOL,51.0,382.0,365.0,391.0,1138.0,Bronx,345.0,Bronx,0.0,26.9,69.9,0.3,24.4,19.5,55.9,44.1,15.0,49.0
09X365,ACADEMY FOR LANGUAGE AND TECHNOLOGY,54.0,315.0,339.0,297.0,951.0,Bronx,301.0,Bronx,0.0,0.6,99.4,0.0,86.6,0.9,51.2,48.8,20.0,
09X403,BRONX INTERNATIONAL HIGH SCHOOL,49.0,314.0,312.0,339.0,965.0,Bronx,414.0,Bronx,1.0,22.8,72.2,3.7,87.1,1.2,54.3,45.7,,58.0
09X404,SCHOOL FOR EXCELLENCE,32.0,363.0,360.0,351.0,1074.0,Bronx,396.0,Bronx,0.3,34.5,64.5,0.0,20.7,26.2,47.7,52.3,,65.0
09X412,BRONX HIGH SCHOOL OF BUSINESS,34.0,356.0,376.0,351.0,1083.0,Bronx,359.0,Bronx,0.7,38.7,59.9,0.5,23.2,23.2,45.1,54.9,26.0,58.0
09X413,BRONX HIGH SCHOOL FOR MEDICAL SCIENCE,64.0,400.0,419.0,402.0,1221.0,Bronx,465.0,Bronx,5.3,36.7,57.8,0.2,5.7,8.6,57.8,42.2,,87.0
09X505,"BRONX SCHOOL FOR LAW, GOVERNMENT AND JUSTICE",80.0,404.0,418.0,402.0,1224.0,Bronx,773.0,Bronx,2.0,30.4,66.2,1.0,6.6,14.0,54.1,45.9,45.0,101.0
09X517,FREDERICK DOUGLASS ACADEMY III SECONDARY SCHOOL,50.0,368.0,384.0,369.0,1121.0,Bronx,410.0,Bronx,1.1,56.2,41.4,0.4,6.4,17.7,48.5,51.5,26.0,71.0
09X525,BRONX LEADERSHIP ACADEMY HIGH SCHOOL,114.0,384.0,394.0,388.0,1166.0,Bronx,711.0,Bronx,0.7,41.1,57.0,0.0,9.6,20.3,56.7,43.3,40.0,127.0
09X543,HIGH SCHOOL FOR VIOLIN AND DANCE,27.0,353.0,315.0,371.0,1039.0,Bronx,378.0,Bronx,0.3,36.8,62.5,0.0,8.7,22.3,85.4,14.6,,39.0
10X141,RIVERDALE / KINGSBRIDGE ACADEMY (MIDDLE SCHOOL / HIGH SCHOOL 141),113.0,438.0,455.0,440.0,1333.0,Bronx,1355.0,Bronx,8.8,13.0,53.0,24.9,6.7,15.2,48.2,51.8,133.0,121.0
10X213,BRONX ENGINEERING AND TECHNOLOGY ACADEMY,86.0,373.0,412.0,365.0,1150.0,Bronx,420.0,Bronx,5.2,29.5,64.2,0.9,15.5,21.4,17.3,82.7,107.0,60.0
10X225,THEATRE ARTS PRODUCTION COMPANY SCHOOL,59.0,405.0,391.0,394.0,1190.0,Bronx,581.0,Bronx,1.1,27.3,69.7,1.1,4.4,18.9,69.1,30.9,17.0,58.0
10X237,"THE MARIE CURIE SCHOOL FOR MEDICINE, NURSING, AND HEALTH PROFESSIONS",79.0,382.0,393.0,382.0,1157.0,Bronx,573.0,Bronx,1.5,35.6,57.4,3.3,6.7,15.6,83.5,16.5,15.0,52.0
10X243,WEST BRONX ACADEMY FOR THE FUTURE,26.0,382.0,406.0,370.0,1158.0,Bronx,611.0,Bronx,3.5,24.7,69.5,1.3,13.2,19.5,42.1,57.9,25.0,41.0
10X268,KINGSBRIDGE INTERNATIONAL HIGH SCHOOL,52.0,304.0,356.0,302.0,962.0,Bronx,443.0,Bronx,6.8,5.4,84.7,3.0,88.7,0.4,47.7,52.3,32.0,73.0
10X284,BRONX SCHOOL OF LAW AND FINANCE,54.0,402.0,395.0,385.0,1182.0,Bronx,435.0,Bronx,0.7,31.5,65.2,2.6,7.1,15.2,43.4,56.6,21.0,67.0
10X342,INTERNATIONAL SCHOOL FOR LIBERAL ARTS,49.0,300.0,333.0,301.0,934.0,Bronx,543.0,Bronx,0.2,0.0,99.8,0.0,79.9,4.6,51.0,49.0,55.0,49.0
10X368,INsTECH ACADEMY (M.S. / HIGH SCHOOL 368),111.0,390.0,408.0,383.0,1181.0,Bronx,1036.0,Bronx,4.0,11.9,81.9,2.0,12.1,14.3,51.1,48.9,40.0,79.0
10X374,KNOWLEDGE AND POWER PREPARATORY ACADEMY INTERNATIONAL HIGH SCHOOL (KAPPA),61.0,392.0,401.0,387.0,1180.0,Bronx,467.0,Bronx,0.9,35.2,59.9,3.1,9.3,11.1,52.8,47.2,,
10X433,HIGH SCHOOL FOR TEACHING AND THE PROFESSIONS,57.0,370.0,371.0,365.0,1106.0,Bronx,499.0,Bronx,2.5,25.2,70.4,1.9,17.8,20.1,57.7,42.3,62.0,90.0
10X434,BELMONT PREPARATORY HIGH SCHOOL,51.0,404.0,418.0,400.0,1222.0,Bronx,410.0,Bronx,3.2,29.0,65.6,1.7,11.3,15.7,52.8,47.2,31.0,67.0
10X437,FORDHAM HIGH SCHOOL FOR THE ARTS,48.0,355.0,350.0,372.0,1077.0,Bronx,407.0,Bronx,1.6,35.7,61.5,1.3,12.4,22.5,56.8,43.2,0.0,66.0
10X438,FORDHAM LEADERSHIP ACADEMY FOR BUSINESS AND TECHNOLOGY,63.0,367.0,385.0,367.0,1119.0,Bronx,460.0,Bronx,2.7,27.7,67.8,1.3,16.6,20.6,36.6,63.4,42.0,78.0
10X439,BRONX HIGH SCHOOL FOR LAW AND COMMUNITY SERVICE,65.0,366.0,364.0,352.0,1082.0,Bronx,403.0,Bronx,2.3,30.8,64.6,0.9,13.4,20.8,55.6,44.4,44.0,54.0
10X440,DEWITT CLINTON HIGH SCHOOL,443.0,419.0,426.0,410.0,1255.0,Bronx,2746.0,Bronx,6.7,30.8,59.6,2.1,19.0,14.9,48.9,51.1,366.0,628.0
10X442,"CELIA CRUZ BRONX HIGH SCHOOL OF MUSIC, THE",52.0,423.0,420.0,427.0,1270.0,Bronx,436.0,Bronx,0.5,27.2,69.5,2.4,3.5,7.8,59.3,40.7,31.0,66.0
10X445,BRONX HIGH SCHOOL OF SCIENCE,731.0,632.0,688.0,649.0,1969.0,Bronx,3037.0,Bronx,63.5,3.5,7.2,25.4,0.1,0.1,42.2,57.8,1190.0,663.0
10X477,MARBLE HILL HIGH SCHOOL FOR INTERNATIONAL STUDIES,99.0,414.0,435.0,414.0,1263.0,Bronx,447.0,Bronx,11.0,23.0,57.9,7.5,32.2,6.8,53.3,46.7,83.0,96.0
10X546,BRONX THEATRE HIGH SCHOOL,68.0,348.0,362.0,354.0,1064.0,Bronx,435.0,Bronx,0.4,28.8,69.0,1.8,9.4,15.1,67.9,32.1,34.0,73.0
10X549,DISCOVERY HIGH SCHOOL,55.0,372.0,379.0,364.0,1115.0,Bronx,542.0,Bronx,2.1,20.2,75.6,1.3,20.6,17.8,47.6,52.4,0.0,63.0
10X696,HIGH SCHOOL OF AMERICAN STUDIES AT LEHMAN COLLEGE,92.0,636.0,648.0,636.0,1920.0,Bronx,387.0,Bronx,16.7,10.6,18.0,53.8,0.0,1.3,46.2,53.8,194.0,77.0
11X249,BRONX HEALTH SCIENCES HIGH SCHOOL,74.0,370.0,381.0,382.0,1133.0,Bronx,345.0,Bronx,4.8,56.8,36.3,0.5,6.1,7.4,64.7,35.3,0.0,56.0
11X253,BRONX HIGH SCHOOL FOR WRITING AND COMMUNICATION ARTS,46.0,400.0,357.0,390.0,1147.0,Bronx,413.0,Bronx,2.4,48.3,47.6,1.7,8.5,14.5,59.2,40.8,28.0,83.0
11X265,BRONX LAB SCHOOL,81.0,377.0,391.0,367.0,1135.0,Bronx,476.0,Bronx,2.7,37.8,57.3,1.7,3.7,15.8,40.5,59.5,,68.0
11X270,ACADEMY FOR SCHOLARSHIP AND ENTREPRENEURSHIP: A COLLEGE BOARD SCHOOL,56.0,386.0,394.0,361.0,1141.0,Bronx,437.0,Bronx,2.5,63.7,32.0,0.7,6.3,18.5,48.0,52.0,24.0,50.0
11X275,HIGH SCHOOL OF COMPUTERS AND TECHNOLOGY,72.0,381.0,376.0,354.0,1111.0,Bronx,556.0,Bronx,3.6,34.9,59.5,1.3,10.2,20.2,12.7,87.3,0.0,78.0
11X288,COLLEGIATE INSTITUTE FOR MATH AND SCIENCE,97.0,444.0,471.0,433.0,1348.0,Bronx,656.0,Bronx,9.2,36.8,46.8,7.0,3.3,14.0,42.9,57.1,79.0,93.0
11X290,BRONX ACADEMY OF HEALTH CAREERS,69.0,387.0,365.0,383.0,1135.0,Bronx,461.0,Bronx,3.3,52.6,41.2,1.0,7.7,19.0,67.3,32.7,,66.0
11X299,ASTOR COLLEGIATE ACADEMY,60.0,387.0,391.0,391.0,1169.0,Bronx,474.0,Bronx,5.4,35.7,46.0,11.8,7.6,21.7,41.4,58.6,36.0,78.0
11X418,BRONX HIGH SCHOOL FOR THE VISUAL ARTS,48.0,419.0,433.0,416.0,1268.0,Bronx,509.0,Bronx,1.9,29.2,62.3,6.4,5.2,20.9,42.0,58.0,26.0,64.0
11X455,HARRY S TRUMAN HIGH SCHOOL,189.0,386.0,397.0,368.0,1151.0,Bronx,1911.0,Bronx,2.0,51.8,43.8,1.3,9.2,25.1,40.0,60.0,103.0,362.0
11X513,NEW WORLD HIGH SCHOOL,72.0,332.0,381.0,335.0,1048.0,Bronx,401.0,Bronx,12.4,13.2,70.4,3.2,80.1,1.5,50.0,50.0,12.0,49.0
11X514,THE BRONXWOOD PREPARATORY ACADEMY,48.0,377.0,372.0,363.0,1112.0,Bronx,414.0,Bronx,1.9,58.2,37.3,1.0,7.0,20.9,38.7,61.3,,36.0
11X542,PELHAM PREPARATORY ACADEMY,76.0,431.0,438.0,419.0,1288.0,Bronx,480.0,Bronx,2.4,40.2,49.7,6.9,2.2,14.2,51.9,48.1,46.0,101.0
11X544,HIGH SCHOOL FOR CONTEMPORARY ARTS,55.0,383.0,378.0,365.0,1126.0,Bronx,518.0,Bronx,1.0,37.2,59.9,1.0,10.2,21.3,44.7,55.3,,82.0
11X545,BRONX AEROSPACE HIGH SCHOOL,46.0,388.0,393.0,382.0,1163.0,Bronx,404.0,Bronx,2.2,23.8,72.6,1.2,14.7,25.7,17.5,82.5,,62.0
12X248,"METROPOLITAN HIGH SCHOOL, THE",49.0,347.0,367.0,341.0,1055.0,Bronx,313.0,Bronx,1.8,24.2,72.9,0.9,21.8,20.9,46.0,54.0,25.0,75.0
12X251,EXPLORATIONS ACADEMY,57.0,381.0,381.0,360.0,1122.0,Bronx,357.0,Bronx,1.7,31.2,65.5,1.4,19.9,21.3,49.2,50.8,,55.0
12X267,BRONX LATIN,36.0,408.0,432.0,411.0,1251.0,Bronx,523.0,Bronx,0.2,25.6,73.2,1.0,13.6,21.5,50.2,49.8,0.0,
12X271,EAST BRONX ACADEMY FOR THE FUTURE,46.0,366.0,378.0,358.0,1102.0,Bronx,609.0,Bronx,1.9,29.4,68.3,0.2,11.6,24.1,47.0,53.0,32.0,50.0
12X278,PEACE AND DIVERSITY ACADEMY,34.0,390.0,401.0,364.0,1155.0,Bronx,189.0,Bronx,1.7,43.7,53.7,0.9,13.9,17.3,55.0,45.0,8.0,49.0
12X388,PAN AMERICAN INTERNATIONAL HIGH SCHOOL AT MONROE,30.0,321.0,351.0,298.0,970.0,Bronx,401.0,Bronx,0.0,0.0,99.8,0.0,92.9,0.2,48.5,51.5,,
12X550,HIGH SCHOOL OF WORLD CULTURES,42.0,304.0,323.0,312.0,939.0,Bronx,388.0,Bronx,2.4,10.8,84.6,0.5,86.4,0.5,48.0,52.0,,42.0
12X682,FANNIE LOU HAMER FREEDOM HIGH SCHOOL,72.0,342.0,346.0,341.0,1029.0,Bronx,493.0,Bronx,0.2,30.6,68.8,0.2,11.5,26.2,45.9,54.1,0.0,75.0
12X684,WINGS ACADEMY,66.0,378.0,374.0,362.0,1114.0,Bronx,534.0,Bronx,1.3,55.0,42.2,1.3,4.5,22.3,46.3,53.7,20.0,82.0
12X692,MONROE ACADEMY FOR VISUAL ARTS & DESIGN,43.0,332.0,357.0,349.0,1038.0,Bronx,460.0,Bronx,0.9,20.4,77.5,1.3,28.8,20.8,47.4,52.6,,55.0
13K265,DR. SUSAN S. MCKINNEY SECONDARY SCHOOL OF THE ARTS,29.0,352.0,349.0,373.0,1074.0,Brooklyn,503.0,Brooklyn,0.5,72.0,24.6,1.8,4.3,20.3,63.0,37.0,17.0,68.0
13K350,URBAN ASSEMBLY HIGH SCHOOL OF MUSIC AND ART,52.0,360.0,364.0,356.0,1080.0,Brooklyn,394.0,Brooklyn,1.9,73.3,22.7,0.9,4.6,22.5,57.3,42.7,,77.0
13K412,"BROOKLYN COMMUNITY HIGH SCHOOL OF COMMUNICATION, ARTS AND MEDIA",37.0,375.0,355.0,384.0,1114.0,Brooklyn,401.0,Brooklyn,0.6,79.2,17.1,1.3,2.4,18.0,54.5,45.5,21.0,51.0
13K419,"SCIENCE SKILLS CENTER HIGH SCHOOL FOR SCIENCE, TECHNOLOGY AND THE CREATIVE ARTS",92.0,399.0,417.0,395.0,1211.0,Brooklyn,537.0,Brooklyn,7.2,77.8,12.2,2.1,7.0,13.7,43.9,56.1,52.0,168.0
13K430,BROOKLYN TECHNICAL HIGH SCHOOL,1277.0,587.0,659.0,587.0,1833.0,Brooklyn,5458.0,Brooklyn,60.3,10.2,7.9,21.3,0.1,0.5,41.7,58.3,2117.0,1043.0
13K439,BROOKLYN INTERNATIONAL HIGH SCHOOL,90.0,305.0,364.0,312.0,981.0,Brooklyn,343.0,Brooklyn,42.5,20.2,28.6,8.7,83.1,0.0,51.8,48.2,,97.0
13K483,THE URBAN ASSEMBLY SCHOOL FOR LAW AND JUSTICE,105.0,400.0,417.0,389.0,1206.0,Brooklyn,449.0,Brooklyn,0.9,79.1,17.1,1.1,0.9,13.3,60.4,39.6,31.0,94.0
13K499,ACORN COMMUNITY HIGH SCHOOL,72.0,384.0,364.0,368.0,1116.0,Brooklyn,623.0,Brooklyn,1.2,84.7,12.2,0.8,2.9,18.6,44.2,55.8,64.0,126.0
13K595,BEDFORD ACADEMY HIGH SCHOOL,89.0,438.0,443.0,431.0,1312.0,Brooklyn,361.0,Brooklyn,2.7,89.4,7.1,0.3,1.1,4.1,51.0,49.0,43.0,70.0
13K605,GEORGE WESTINGHOUSE CAREER AND TECHNICAL EDUCATION HIGH SCHOOL,85.0,406.0,391.0,392.0,1189.0,Brooklyn,702.0,Brooklyn,2.8,79.8,15.3,1.3,1.9,14.1,24.5,75.5,35.0,144.0
13K670,BENJAMIN BANNEKER ACADEMY,185.0,471.0,472.0,448.0,1391.0,Brooklyn,907.0,Brooklyn,2.7,87.0,8.8,0.4,0.0,3.0,53.9,46.1,132.0,220.0
13K674,"CITY POLYTECHNIC HIGH SCHOOL OF ENGINEERING, ARCHITECTURE, AND TECHNOLOGY",20.0,441.0,499.0,413.0,1353.0,Brooklyn,451.0,Brooklyn,7.5,58.2,26.3,4.5,3.6,15.8,20.6,79.4,,
14K071,JUAN MOREL CAMPOS SECONDARY SCHOOL,102.0,365.0,361.0,359.0,1085.0,Brooklyn,778.0,Brooklyn,0.2,15.3,80.6,3.4,24.9,26.7,45.3,54.7,16.0,44.0
14K449,"BROOKLYN LATIN SCHOOL, THE",72.0,586.0,584.0,570.0,1740.0,Brooklyn,592.0,Brooklyn,36.8,26.7,17.9,14.5,0.4,1.1,45.1,54.9,,51.0
14K454,GREEN SCHOOL: AN ACADEMY FOR ENVIRONMENTAL CAREERS,41.0,407.0,386.0,396.0,1189.0,Brooklyn,328.0,Brooklyn,2.0,47.7,46.9,2.6,11.5,15.3,53.8,46.2,,62.0
14K474,PROGRESS HIGH SCHOOL FOR PROFESSIONAL CAREERS,144.0,364.0,379.0,371.0,1114.0,Brooklyn,1083.0,Brooklyn,0.7,32.6,65.4,1.0,16.1,13.0,51.5,48.5,50.0,147.0
14K477,SCHOOL FOR LEGAL STUDIES,134.0,413.0,396.0,395.0,1204.0,Brooklyn,641.0,Brooklyn,0.9,57.7,39.3,1.7,5.7,13.0,54.2,45.8,24.0,92.0
14K478,"THE HIGH SCHOOL FOR ENTERPRISE, BUSINESS AND TECHNOLOGY",142.0,398.0,421.0,396.0,1215.0,Brooklyn,1016.0,Brooklyn,3.2,39.3,55.4,1.9,9.9,13.2,34.3,65.7,94.0,138.0
14K488,BROOKLYN PREPARATORY HIGH SCHOOL,42.0,367.0,373.0,350.0,1090.0,Brooklyn,489.0,Brooklyn,1.7,58.7,37.7,1.0,2.7,18.8,52.2,47.7,28.0,61.0
14K558,WILLIAMSBURG HIGH SCHOOL FOR ARCHITECTURE AND DESIGN,72.0,363.0,385.0,364.0,1112.0,Brooklyn,579.0,Brooklyn,1.4,38.4,57.2,2.2,7.0,17.6,27.4,72.6,30.0,80.0
14K561,WILLIAMSBURG PREPARATORY SCHOOL,113.0,397.0,410.0,380.0,1187.0,Brooklyn,671.0,Brooklyn,1.6,25.5,61.5,11.1,2.8,12.7,49.0,51.0,31.0,96.0
14K586,LYONS COMMUNITY SCHOOL,31.0,371.0,377.0,355.0,1103.0,Brooklyn,546.0,Brooklyn,1.1,41.7,54.6,2.1,14.6,22.0,46.3,53.7,,
14K610,AUTOMOTIVE HIGH SCHOOL,94.0,367.0,376.0,350.0,1093.0,Brooklyn,420.0,Brooklyn,1.4,66.1,30.2,1.7,4.7,30.3,4.4,95.6,,138.0
14K632,FRANCES PERKINS ACADEMY,12.0,382.0,372.0,368.0,1122.0,Brooklyn,157.0,Brooklyn,0.0,64.7,31.2,4.0,9.8,24.9,23.1,76.9,,
14K685,EL PUENTE ACADEMY FOR PEACE AND JUSTICE,28.0,359.0,335.0,341.0,1035.0,Brooklyn,225.0,Brooklyn,1.8,10.1,87.6,0.5,17.0,23.4,57.3,42.7,0.0,28.0
15K429,BROOKLYN SCHOOL FOR GLOBAL STUDIES,52.0,361.0,367.0,383.0,1111.0,Brooklyn,275.0,Brooklyn,2.3,54.5,39.0,3.4,5.9,25.4,43.8,56.2,,55.0
15K448,BROOKLYN SECONDARY SCHOOL FOR COLLABORATIVE STUDIES,76.0,393.0,399.0,387.0,1179.0,Brooklyn,670.0,Brooklyn,4.3,34.2,48.1,12.6,4.5,29.2,40.9,59.1,,64.0
15K462,SECONDARY SCHOOL FOR LAW,59.0,398.0,411.0,394.0,1203.0,Brooklyn,389.0,Brooklyn,2.5,62.4,29.6,5.5,6.3,12.7,55.8,44.2,,59.0
15K463,SECONDARY SCHOOL FOR JOURNALISM,58.0,397.0,391.0,381.0,1169.0,Brooklyn,271.0,Brooklyn,9.2,42.0,43.2,5.4,16.7,13.4,57.7,42.3,22.0,63.0
15K464,PARK SLOPE COLLEGIATE,72.0,379.0,416.0,380.0,1175.0,Brooklyn,379.0,Brooklyn,8.6,33.2,51.8,5.3,9.6,16.5,47.2,52.8,,57.0
15K497,SCHOOL FOR INTERNATIONAL STUDIES,64.0,405.0,415.0,392.0,1212.0,Brooklyn,479.0,Brooklyn,6.2,40.9,38.9,14.0,14.6,15.2,49.2,50.8,30.0,44.0
15K519,COBBLE HILL SCHOOL OF AMERICAN STUDIES,77.0,398.0,402.0,385.0,1185.0,Brooklyn,571.0,Brooklyn,5.1,71.5,21.0,2.3,7.5,18.9,56.1,43.9,25.0,92.0
15K656,BROOKLYN HIGH SCHOOL OF THE ARTS,141.0,426.0,421.0,411.0,1258.0,Brooklyn,815.0,Brooklyn,1.8,76.5,19.0,2.2,0.1,7.2,66.1,33.9,0.0,86.0
16K393,FREDERICK DOUGLASS ACADEMY IV SECONDARY SCHOOL,20.0,355.0,355.0,358.0,1068.0,Brooklyn,155.0,Brooklyn,0.9,83.6,14.1,0.5,1.4,17.1,51.3,48.7,,55.0
16K455,BOYS AND GIRLS HIGH SCHOOL,131.0,365.0,370.0,362.0,1097.0,Brooklyn,940.0,Brooklyn,0.5,90.0,7.8,0.7,2.5,20.5,38.3,61.7,22.0,233.0
16K498,BROOKLYN HIGH SCHOOL FOR LAW AND TECHNOLOGY,46.0,362.0,372.0,358.0,1092.0,Brooklyn,518.0,Brooklyn,1.0,72.8,24.9,0.0,4.7,20.7,48.4,51.6,49.0,
16K594,GOTHAM PROFESSIONAL ARTS ACADEMY,36.0,370.0,372.0,351.0,1093.0,Brooklyn,242.0,Brooklyn,1.0,78.6,19.4,0.7,2.4,17.3,56.8,43.2,,
17K382,ACADEMY FOR COLLEGE PREPARATION AND CAREER EXPLORATION: A COLLEGE BOARD SCHOOL,59.0,396.0,374.0,369.0,1139.0,Brooklyn,532.0,Brooklyn,0.2,92.0,6.7,1.1,5.0,10.8,46.2,53.8,64.0,59.0
17K408,ACADEMY OF HOSPITALITY AND TOURISM,57.0,352.0,342.0,351.0,1045.0,Brooklyn,303.0,Brooklyn,1.6,84.3,12.9,0.9,12.9,15.4,50.2,49.8,,63.0
17K524,INTERNATIONAL HIGH SCHOOL AT PROSPECT HEIGHTS,71.0,287.0,335.0,291.0,913.0,Brooklyn,421.0,Brooklyn,28.4,29.2,27.9,14.2,91.0,1.0,40.9,59.1,,37.0
17K528,THE HIGH SCHOOL FOR GLOBAL CITIZENSHIP,46.0,403.0,385.0,388.0,1176.0,Brooklyn,256.0,Brooklyn,1.5,89.2,7.3,1.5,5.2,13.4,49.9,50.1,20.0,69.0
17K531,"SCHOOL FOR HUMAN RIGHTS, THE",35.0,348.0,381.0,359.0,1088.0,Brooklyn,416.0,Brooklyn,0.8,88.9,8.3,1.6,6.2,15.0,48.4,51.6,,52.0
17K533,SCHOOL FOR DEMOCRACY AND LEADERSHIP,38.0,377.0,404.0,372.0,1153.0,Brooklyn,330.0,Brooklyn,0.5,89.4,8.4,1.5,3.7,14.5,48.0,52.0,,47.0
17K537,HIGH SCHOOL FOR YOUTH AND COMMUNITY DEVELOPMENT AT ERASMUS,73.0,338.0,349.0,340.0,1027.0,Brooklyn,347.0,Brooklyn,1.0,87.3,9.1,1.0,9.1,15.8,38.4,61.6,21.0,61.0
17K539,HIGH SCHOOL FOR SERVICE & LEARNING AT ERASMUS,61.0,362.0,375.0,368.0,1105.0,Brooklyn,434.0,Brooklyn,2.1,87.0,9.0,1.7,8.8,19.2,36.7,63.3,,90.0
17K543,"SCIENCE, TECHNOLOGY AND RESEARCH EARLY COLLEGE HIGH SCHOOL AT ERASMUS",69.0,457.0,462.0,441.0,1360.0,Brooklyn,532.0,Brooklyn,3.1,83.9,9.4,1.3,0.0,2.3,47.0,53.0,,75.0
17K546,HIGH SCHOOL FOR PUBLIC SERVICE: HEROES OF TOMORROW,79.0,418.0,441.0,414.0,1273.0,Brooklyn,439.0,Brooklyn,3.6,82.5,12.2,0.7,0.5,4.1,75.1,24.9,106.0,92.0
17K547,BROOKLYN ACADEMY OF SCIENCE AND THE ENVIRONMENT,63.0,388.0,382.0,373.0,1143.0,Brooklyn,477.0,Brooklyn,4.0,79.6,14.2,1.5,6.8,11.9,45.6,54.4,49.0,80.0
17K548,BROOKLYN SCHOOL FOR MUSIC & THEATRE,48.0,385.0,393.0,373.0,1151.0,Brooklyn,399.0,Brooklyn,1.0,82.8,15.3,1.0,0.5,12.1,67.2,32.8,37.0,71.0
17K590,MEDGAR EVERS COLLEGE PREPARATORY SCHOOL,165.0,476.0,481.0,479.0,1436.0,Brooklyn,1248.0,Brooklyn,0.9,95.7,2.8,0.0,0.0,0.5,58.2,41.8,272.0,146.0
17K600,CLARA BARTON HIGH SCHOOL,259.0,425.0,413.0,413.0,1251.0,Brooklyn,1525.0,Brooklyn,1.8,91.2,5.8,0.7,8.3,12.7,76.2,23.8,135.0,341.0
18K563,IT TAKES A VILLAGE ACADEMY,56.0,313.0,320.0,330.0,963.0,Brooklyn,513.0,Brooklyn,1.8,92.9,4.5,0.5,30.4,11.5,51.0,49.0,,
18K566,BROOKLYN GENERATION SCHOOL,29.0,374.0,377.0,394.0,1145.0,Brooklyn,297.0,Brooklyn,1.5,88.8,8.5,0.9,5.7,19.6,39.0,61.0,,
18K567,BROOKLYN THEATRE ARTS HIGH SCHOOL,54.0,383.0,358.0,377.0,1118.0,Brooklyn,401.0,Brooklyn,0.5,84.3,12.8,2.1,5.0,18.6,63.9,36.1,,
18K569,KURT HAHN EXPEDITIONARY LEARNING SCHOOL,43.0,368.0,378.0,346.0,1092.0,Brooklyn,288.0,Brooklyn,0.0,88.1,8.8,1.7,9.5,20.1,35.7,64.3,,
18K576,VICTORY COLLEGIATE HIGH SCHOOL,63.0,387.0,377.0,379.0,1143.0,Brooklyn,332.0,Brooklyn,0.3,93.5,5.8,0.0,5.2,16.6,51.1,48.9,,
18K589,ARTS & MEDIA PREPARATORY ACADEMY,48.0,361.0,360.0,359.0,1080.0,Brooklyn,298.0,Brooklyn,0.7,89.4,9.6,0.0,3.4,17.4,52.6,47.4,,
18K617,HIGH SCHOOL FOR INNOVATION IN ADVERTISING AND MEDIA,37.0,404.0,393.0,386.0,1183.0,Brooklyn,313.0,Brooklyn,1.3,85.8,10.6,1.3,8.1,18.1,33.5,66.5,,
18K629,CULTURAL ACADEMY FOR THE ARTS AND SCIENCES,33.0,393.0,395.0,381.0,1169.0,Brooklyn,309.0,Brooklyn,1.3,86.6,11.4,0.7,7.7,18.4,48.5,51.5,,
18K633,HIGH SCHOOL FOR MEDICAL PROFESSIONS,75.0,386.0,380.0,393.0,1159.0,Brooklyn,441.0,Brooklyn,1.7,85.0,12.4,0.2,3.3,10.4,78.5,21.5,,
18K637,ACADEMY FOR CONSERVATION AND THE ENVIRONMENT,35.0,363.0,381.0,367.0,1111.0,Brooklyn,280.0,Brooklyn,2.2,83.9,12.0,1.5,6.9,16.8,45.3,54.7,,
18K642,URBAN ACTION ACADEMY,40.0,376.0,385.0,374.0,1135.0,Brooklyn,312.0,Brooklyn,2.3,82.3,10.5,3.9,11.1,12.5,37.4,62.6,,
19K409,EAST NEW YORK FAMILY ACADEMY,54.0,416.0,432.0,394.0,1242.0,Brooklyn,468.0,Brooklyn,0.5,67.2,30.3,1.4,0.5,2.1,56.8,43.2,0.0,77.0
19K502,FDNY HIGH SCHOOL FOR FIRE AND LIFE SAFETY,37.0,341.0,349.0,333.0,1023.0,Brooklyn,296.0,Brooklyn,1.0,73.8,23.4,1.6,5.0,21.0,18.9,81.1,,48.0
19K504,HIGH SCHOOL FOR CIVIL RIGHTS,47.0,363.0,349.0,342.0,1054.0,Brooklyn,349.0,Brooklyn,2.0,74.3,22.2,1.0,9.7,16.2,45.6,54.4,12.0,75.0
19K507,PERFORMING ARTS AND TECHNOLOGY HIGH SCHOOL,61.0,380.0,386.0,383.0,1149.0,Brooklyn,428.0,Brooklyn,0.7,81.5,17.4,0.0,4.9,19.6,48.6,51.4,0.0,80.0
19K510,WORLD ACADEMY FOR TOTAL COMMUNITY HEALTH HIGH SCHOOL,68.0,371.0,365.0,370.0,1106.0,Brooklyn,309.0,Brooklyn,2.1,81.1,14.2,1.3,4.2,14.7,63.2,36.8,22.0,64.0
19K583,MULTICULTURAL HIGH SCHOOL,29.0,279.0,322.0,286.0,887.0,Brooklyn,322.0,Brooklyn,0.0,0.2,99.8,0.0,94.6,1.0,50.2,49.8,44.0,
19K615,TRANSIT TECH CAREER AND TECHNICAL EDUCATION HIGH SCHOOL,182.0,395.0,418.0,380.0,1193.0,Brooklyn,1167.0,Brooklyn,4.4,70.5,23.2,1.5,2.4,14.2,15.9,84.1,138.0,260.0
19K618,ACADEMY OF INNOVATIVE TECHNOLOGY,60.0,371.0,371.0,354.0,1096.0,Brooklyn,440.0,Brooklyn,7.4,38.4,50.2,3.0,12.1,19.3,29.7,70.3,,
19K639,BROOKLYN LAB SCHOOL,57.0,360.0,385.0,363.0,1108.0,Brooklyn,364.0,Brooklyn,1.5,30.7,65.0,1.3,15.4,19.4,41.6,58.4,,
19K659,CYPRESS HILLS COLLEGIATE PREPARATORY SCHOOL,51.0,376.0,385.0,368.0,1129.0,Brooklyn,370.0,Brooklyn,8.2,16.9,73.2,1.4,16.2,11.7,52.2,47.8,21.0,64.0
19K660,W. H. MAXWELL CAREER AND TECHNICAL EDUCATION HIGH SCHOOL,74.0,370.0,369.0,363.0,1102.0,Brooklyn,463.0,Brooklyn,0.5,71.9,25.4,0.7,5.3,26.6,70.2,29.8,46.0,125.0
19K683,"THE SCHOOL FOR CLASSICS: AN ACADEMY OF THINKERS, WRITERS AND PERFORMERS",38.0,383.0,400.0,374.0,1157.0,Brooklyn,309.0,Brooklyn,10.0,54.3,34.7,0.6,9.0,17.7,62.4,37.6,,
20K445,NEW UTRECHT HIGH SCHOOL,456.0,402.0,471.0,399.0,1272.0,Brooklyn,3362.0,Brooklyn,35.9,5.5,28.0,30.5,23.0,15.6,40.7,59.3,174.0,420.0
20K485,HIGH SCHOOL OF TELECOMMUNICATION ARTS AND TECHNOLOGY,238.0,425.0,474.0,424.0,1323.0,Brooklyn,1313.0,Brooklyn,19.2,9.5,54.1,16.8,4.9,19.4,46.5,53.5,251.0,232.0
20K490,FORT HAMILTON HIGH SCHOOL,694.0,417.0,478.0,411.0,1306.0,Brooklyn,4317.0,Brooklyn,30.3,5.0,30.2,34.2,21.2,12.8,46.6,53.4,357.0,706.0
20K505,FRANKLIN DELANO ROOSEVELT HIGH SCHOOL,385.0,383.0,486.0,375.0,1244.0,Brooklyn,3130.0,Brooklyn,44.2,9.4,27.3,18.6,39.4,10.8,41.6,58.4,228.0,483.0
21K337,INTERNATIONAL HIGH SCHOOL AT LAFAYETTE,54.0,326.0,386.0,314.0,1026.0,Brooklyn,345.0,Brooklyn,42.0,14.0,21.0,22.7,89.2,0.3,41.1,58.9,,35.0
21K344,RACHEL CARSON HIGH SCHOOL FOR COASTAL STUDIES,54.0,402.0,427.0,408.0,1237.0,Brooklyn,517.0,Brooklyn,12.3,24.1,25.8,37.6,11.0,16.0,46.4,53.6,34.0,73.0
21K348,HIGH SCHOOL OF SPORTS MANAGEMENT,39.0,388.0,398.0,378.0,1164.0,Brooklyn,323.0,Brooklyn,2.7,68.4,23.0,5.9,2.4,14.6,11.1,88.9,10.0,51.0
21K410,ABRAHAM LINCOLN HIGH SCHOOL,475.0,396.0,437.0,393.0,1226.0,Brooklyn,2313.0,Brooklyn,19.3,35.1,20.1,25.1,16.7,11.5,43.6,56.4,133.0,386.0
21K525,EDWARD R. MURROW HIGH SCHOOL,727.0,468.0,496.0,467.0,1431.0,Brooklyn,4021.0,Brooklyn,27.1,24.1,17.6,30.8,9.1,14.1,57.6,42.4,397.0,727.0
21K540,JOHN DEWEY HIGH SCHOOL,448.0,404.0,468.0,390.0,1262.0,Brooklyn,1937.0,Brooklyn,39.1,30.6,19.1,10.8,19.6,8.7,48.5,51.5,232.0,379.0
21K559,LIFE ACADEMY HIGH SCHOOL FOR FILM AND MUSIC,40.0,384.0,375.0,365.0,1124.0,Brooklyn,260.0,Brooklyn,4.8,44.6,29.9,20.3,4.8,20.3,49.0,51.0,,
21K572,EXPEDITIONARY LEARNING SCHOOL FOR COMMUNITY LEADERS,40.0,353.0,370.0,356.0,1079.0,Brooklyn,276.0,Brooklyn,19.5,19.5,41.2,19.5,21.7,16.4,48.7,51.3,,
21K620,WILLIAM E. GRADY CAREER AND TECHNICAL EDUCATION HIGH SCHOOL,95.0,394.0,414.0,376.0,1184.0,Brooklyn,636.0,Brooklyn,3.2,74.9,14.0,6.9,3.1,22.7,22.0,78.0,,144.0
21K690,BROOKLYN STUDIO SECONDARY SCHOOL,119.0,429.0,449.0,435.0,1313.0,Brooklyn,902.0,Brooklyn,12.8,7.2,23.1,56.5,8.4,18.7,49.9,50.1,39.0,97.0
22K405,MIDWOOD HIGH SCHOOL,824.0,478.0,519.0,476.0,1473.0,Brooklyn,3877.0,Brooklyn,31.7,35.2,11.7,21.2,3.7,5.2,54.7,45.3,745.0,803.0
22K425,JAMES MADISON HIGH SCHOOL,518.0,436.0,475.0,439.0,1350.0,Brooklyn,3055.0,Brooklyn,20.8,17.9,14.5,46.4,13.2,12.4,45.6,54.4,323.0,757.0
22K535,LEON M. GOLDSTEIN HIGH SCHOOL FOR THE SCIENCES,259.0,524.0,561.0,542.0,1627.0,Brooklyn,1046.0,Brooklyn,13.5,9.4,10.8,65.6,0.5,7.3,58.8,41.2,367.0,246.0
22K555,BROOKLYN COLLEGE ACADEMY,131.0,456.0,456.0,440.0,1352.0,Brooklyn,618.0,Brooklyn,5.9,77.9,12.4,2.7,0.2,1.7,63.7,36.3,,116.0
23K493,BROOKLYN COLLEGIATE: A COLLEGE BOARD SCHOOL,60.0,389.0,409.0,387.0,1185.0,Brooklyn,387.0,Brooklyn,1.9,88.1,8.3,0.5,1.6,12.1,49.3,50.7,15.0,48.0
23K514,FREDERICK DOUGLASS ACADEMY VII HIGH SCHOOL,55.0,361.0,371.0,359.0,1091.0,Brooklyn,328.0,Brooklyn,0.8,88.5,10.4,0.0,1.4,20.3,51.5,48.5,39.0,67.0
23K697,TEACHERS PREPARATORY HIGH SCHOOL,69.0,392.0,416.0,388.0,1196.0,Brooklyn,458.0,Brooklyn,0.7,84.8,13.1,1.2,1.8,11.0,65.9,34.1,33.0,73.0
24Q264,ACADEMY OF FINANCE AND ENTERPRISE,89.0,405.0,454.0,421.0,1280.0,Queens,467.0,Queens,17.9,9.8,56.4,15.2,7.9,9.8,50.7,49.3,95.0,81.0
24Q267,HIGH SCHOOL OF APPLIED COMMUNICATION,39.0,406.0,413.0,400.0,1219.0,Queens,421.0,Queens,13.9,12.9,57.2,16.0,10.3,16.2,56.2,43.8,46.0,82.0
24Q293,CIVIC LEADERSHIP ACADEMY,69.0,404.0,429.0,407.0,1240.0,Queens,453.0,Queens,7.8,9.1,79.3,3.3,9.1,18.5,55.5,44.5,,
24Q296,PAN AMERICAN INTERNATIONAL HIGH SCHOOL,55.0,317.0,323.0,311.0,951.0,Queens,367.0,Queens,0.0,0.0,100.0,0.0,91.3,0.8,52.2,47.8,,
24Q299,BARD HIGH SCHOOL EARLY COLLEGE II,155.0,545.0,568.0,550.0,1663.0,Queens,600.0,Queens,32.0,16.2,21.2,30.3,0.3,0.0,60.7,39.3,,48.0
24Q455,NEWTOWN HIGH SCHOOL,320.0,383.0,440.0,380.0,1203.0,Queens,2074.0,Queens,24.6,9.3,60.3,5.3,30.0,10.3,42.5,57.5,174.0,453.0
24Q485,GROVER CLEVELAND HIGH SCHOOL,241.0,395.0,420.0,396.0,1211.0,Queens,1869.0,Queens,9.1,4.4,63.5,22.7,21.6,12.7,45.0,55.0,200.0,434.0
24Q520,MIDDLE COLLEGE HIGH SCHOOL AT LAGUARDIA COMMUNITY COLLEGE,58.0,399.0,393.0,385.0,1177.0,Queens,495.0,Queens,7.8,9.5,71.4,11.3,0.2,13.1,47.1,52.9,,66.0
24Q530,INTERNATIONAL HIGH SCHOOL AT LAGUARDIA COMMUNITY COLLEGE,69.0,326.0,409.0,329.0,1064.0,Queens,503.0,Queens,43.0,2.0,44.0,10.3,76.5,0.0,54.0,46.0,,79.0
24Q550,HIGH SCHOOL FOR ARTS AND BUSINESS,138.0,391.0,403.0,380.0,1174.0,Queens,887.0,Queens,9.1,8.3,79.2,3.0,13.3,12.2,56.9,43.1,198.0,132.0
24Q560,"ROBERT F. WAGNER, JR. SECONDARY SCHOOL FOR ARTS AND TECHNOLOGY",80.0,443.0,447.0,440.0,1330.0,Queens,631.0,Queens,20.8,6.2,62.4,10.5,3.8,12.3,53.4,46.6,,63.0
24Q600,QUEENS VOCATIONAL AND TECHNICAL HIGH SCHOOL,155.0,417.0,447.0,406.0,1270.0,Queens,1514.0,Queens,10.2,6.9,74.2,8.7,6.4,13.7,39.7,60.3,27.0,200.0
24Q610,AVIATION CAREER & TECHNICAL EDUCATION HIGH SCHOOL,396.0,445.0,496.0,423.0,1364.0,Queens,2231.0,Queens,27.1,6.8,55.3,10.1,3.2,5.3,14.7,85.3,130.0,305.0
25Q252,"QUEENS SCHOOL OF INQUIRY, THE",58.0,455.0,498.0,443.0,1396.0,Queens,590.0,Queens,40.2,17.0,24.2,18.1,2.7,11.8,53.3,46.7,,
25Q263,FLUSHING INTERNATIONAL HIGH SCHOOL,45.0,314.0,417.0,318.0,1049.0,Queens,412.0,Queens,64.5,1.2,32.7,1.7,88.6,0.7,42.7,57.3,,53.0
25Q281,EASTsWEST SCHOOL OF INTERNATIONAL STUDIES,59.0,416.0,463.0,392.0,1271.0,Queens,643.0,Queens,62.7,14.8,17.9,3.4,13.6,9.4,45.9,54.1,,64.0
25Q285,WORLD JOURNALISM PREPARATORY: A COLLEGE BOARD SCHOOL,63.0,471.0,489.0,481.0,1441.0,Queens,609.0,Queens,19.3,8.4,20.3,51.6,0.8,17.8,57.8,42.2,65.0,73.0
25Q425,JOHN BOWNE HIGH SCHOOL,558.0,397.0,451.0,395.0,1243.0,Queens,3722.0,Queens,34.3,19.2,40.7,5.2,24.7,9.8,50.8,49.2,176.0,402.0
25Q460,FLUSHING HIGH SCHOOL,347.0,393.0,441.0,382.0,1216.0,Queens,2499.0,Queens,19.9,26.5,49.8,3.2,20.0,11.7,44.2,55.8,324.0,360.0
25Q525,TOWNSEND HARRIS HIGH SCHOOL,278.0,621.0,651.0,638.0,1910.0,Queens,1151.0,Queens,55.5,5.9,12.9,24.6,0.0,0.2,71.1,28.9,613.0,278.0
25Q670,ROBERT F. KENNEDY COMMUNITY HIGH SCHOOL,99.0,431.0,458.0,441.0,1330.0,Queens,685.0,Queens,28.4,11.5,35.4,24.5,7.5,18.4,46.2,53.8,77.0,95.0
26Q415,BENJAMIN N. CARDOZO HIGH SCHOOL,888.0,480.0,545.0,489.0,1514.0,Queens,3628.0,Queens,45.7,18.4,18.6,16.8,6.1,11.5,52.6,47.4,676.0,818.0
26Q430,FRANCIS LEWIS HIGH SCHOOL,934.0,468.0,539.0,467.0,1474.0,Queens,4058.0,Queens,51.9,8.3,24.1,15.5,13.2,12.3,50.8,49.2,697.0,1026.0
26Q435,MARTIN VAN BUREN HIGH SCHOOL,334.0,391.0,397.0,384.0,1172.0,Queens,2096.0,Queens,24.1,56.4,15.1,2.9,9.9,11.5,45.7,54.3,71.0,519.0
26Q495,BAYSIDE HIGH SCHOOL,708.0,462.0,523.0,464.0,1449.0,Queens,3241.0,Queens,45.2,12.7,22.3,19.6,5.7,10.6,50.6,49.4,480.0,757.0
26Q566,"QUEENS HIGH SCHOOL OF TEACHING, LIBERAL ARTS AND THE SCIENCES",175.0,425.0,434.0,420.0,1279.0,Queens,1164.0,Queens,23.8,46.3,16.8,12.3,2.5,13.9,54.2,45.8,0.0,243.0
27Q260,FREDERICK DOUGLASS ACADEMY VI HIGH SCHOOL,87.0,387.0,385.0,373.0,1145.0,Queens,412.0,Queens,3.8,67.0,27.0,1.3,4.0,13.9,47.4,52.6,,71.0
27Q262,CHANNEL VIEW SCHOOL FOR RESEARCH,74.0,432.0,419.0,401.0,1252.0,Queens,642.0,Queens,5.7,55.2,27.5,11.2,1.3,10.5,48.9,51.1,43.0,69.0
27Q302,"QUEENS HIGH SCHOOL FOR INFORMATION, RESEARCH, AND TECHNOLOGY",44.0,391.0,401.0,364.0,1156.0,Queens,322.0,Queens,4.2,60.3,30.0,4.5,10.6,16.1,45.5,54.5,,
27Q308,ROBERT H. GODDARD HIGH SCHOOL OF COMMUNICATION ARTS AND TECHNOLOGY,93.0,423.0,426.0,416.0,1265.0,Queens,598.0,Queens,26.8,7.6,42.6,21.8,3.6,15.9,51.9,48.1,,
27Q309,ACADEMY OF MEDICAL TECHNOLOGY: A COLLEGE BOARD SCHOOL,36.0,367.0,379.0,348.0,1094.0,Queens,631.0,Queens,9.1,52.6,34.2,3.2,10.6,14.0,56.2,43.8,,
27Q323,SCHOLARS' ACADEMY,89.0,499.0,537.0,496.0,1532.0,Queens,1253.0,Queens,22.0,19.2,15.9,41.6,0.0,1.0,56.1,43.9,55.0,
27Q400,AUGUST MARTIN HIGH SCHOOL,101.0,377.0,371.0,360.0,1108.0,Queens,853.0,Queens,6.2,79.9,11.5,1.7,4.3,16.5,44.8,55.2,19.0,184.0
27Q475,RICHMOND HILL HIGH SCHOOL,404.0,382.0,404.0,368.0,1154.0,Queens,2225.0,Queens,32.9,16.8,46.4,3.2,17.4,13.7,47.0,53.0,142.0,498.0
27Q480,JOHN ADAMS HIGH SCHOOL,403.0,391.0,409.0,392.0,1192.0,Queens,2838.0,Queens,27.5,27.7,37.1,3.6,16.0,12.1,45.5,54.5,140.0,512.0
27Q650,"HIGH SCHOOL FOR CONSTRUCTION TRADES, ENGINEERING AND ARCHITECTURE",194.0,429.0,491.0,425.0,1345.0,Queens,946.0,Queens,30.7,11.3,41.6,15.4,0.4,5.8,32.7,67.3,91.0,162.0
28Q310,QUEENS COLLEGIATE: A COLLEGE BOARD SCHOOL,68.0,420.0,445.0,400.0,1265.0,Queens,647.0,Queens,27.0,49.0,18.5,3.0,8.1,12.3,50.1,49.9,,
28Q350,JAMAICA GATEWAY TO THE SCIENCES,25.0,430.0,452.0,425.0,1307.0,Queens,396.0,Queens,45.1,36.6,15.2,2.7,4.5,7.1,53.6,46.4,,
28Q440,FOREST HILLS HIGH SCHOOL,762.0,456.0,497.0,454.0,1407.0,Queens,3800.0,Queens,26.5,9.0,30.2,33.7,8.9,11.3,51.9,48.1,733.0,833.0
28Q505,HILLCREST HIGH SCHOOL,462.0,395.0,413.0,386.0,1194.0,Queens,3231.0,Queens,36.5,36.6,22.8,2.9,15.0,9.0,53.9,46.1,241.0,531.0
28Q620,THOMAS A. EDISON CAREER AND TECHNICAL EDUCATION HIGH SCHOOL,422.0,452.0,478.0,442.0,1372.0,Queens,2168.0,Queens,50.9,23.7,21.1,3.2,1.4,11.4,34.9,65.1,183.0,717.0
28Q680,QUEENS GATEWAY TO HEALTH SCIENCES SECONDARY SCHOOL,99.0,513.0,523.0,502.0,1538.0,Queens,811.0,Queens,36.5,44.8,15.7,2.7,0.1,1.7,61.9,38.1,89.0,113.0
28Q687,QUEENS HIGH SCHOOL FOR THE SCIENCES AT YORK COLLEGE,121.0,612.0,660.0,596.0,1868.0,Queens,419.0,Queens,74.4,10.5,7.9,6.7,0.2,0.2,43.5,56.5,215.0,104.0
28Q690,HIGH SCHOOL FOR LAW ENFORCEMENT AND PUBLIC SAFETY,74.0,406.0,406.0,384.0,1196.0,Queens,565.0,Queens,8.4,73.7,15.1,1.3,2.1,16.6,47.0,53.0,19.0,103.0
28Q896,"YOUNG WOMEN'S LEADERSHIP SCHOOL, QUEENS",68.0,439.0,445.0,432.0,1316.0,Queens,555.0,Queens,21.0,57.3,18.4,2.4,2.7,9.0,100.0,0.0,6.0,
29Q248,QUEENS PREPARATORY ACADEMY,52.0,360.0,380.0,359.0,1099.0,Queens,465.0,Queens,5.2,84.4,8.2,0.9,4.5,11.3,44.0,56.0,15.0,72.0
29Q259,PATHWAYS COLLEGE PREPARATORY SCHOOL: A COLLEGE BOARD SCHOOL,46.0,401.0,397.0,375.0,1173.0,Queens,563.0,Queens,2.2,94.2,2.9,0.7,2.3,16.0,46.7,53.3,29.0,53.0
29Q265,EXCELSIOR PREPARATORY HIGH SCHOOL,49.0,402.0,398.0,402.0,1202.0,Queens,480.0,Queens,4.3,82.8,9.7,0.5,2.3,14.7,43.1,56.9,,67.0
29Q272,GEORGE WASHINGTON CARVER HIGH SCHOOL FOR THE SCIENCES,59.0,436.0,427.0,424.0,1287.0,Queens,498.0,Queens,9.3,73.8,14.1,1.3,1.7,9.1,52.7,47.3,14.0,88.0
29Q283,PREPARATORY ACADEMY FOR WRITERS: A COLLEGE BOARD SCHOOL,43.0,370.0,367.0,363.0,1100.0,Queens,522.0,Queens,3.4,84.1,10.4,0.8,1.9,14.4,56.9,43.1,40.0,29.0
29Q492,"MATHEMATICS, SCIENCE RESEARCH AND TECHNOLOGY MAGNET HIGH SCHOOL",78.0,400.0,426.0,394.0,1220.0,Queens,416.0,Queens,6.8,79.6,11.9,0.7,5.1,10.4,39.6,60.4,22.0,82.0
29Q498,HUMANITIES & ARTS MAGNET HIGH SCHOOL,62.0,393.0,381.0,377.0,1151.0,Queens,513.0,Queens,4.0,85.9,8.5,1.5,3.5,14.8,57.2,42.8,,75.0
30Q301,ACADEMY FOR CAREERS IN TELEVISION AND FILM,98.0,410.0,440.0,405.0,1255.0,Queens,470.0,Queens,6.0,20.5,53.5,18.9,2.9,14.6,46.8,53.2,,
30Q445,WILLIAM CULLEN BRYANT HIGH SCHOOL,395.0,414.0,449.0,412.0,1275.0,Queens,2627.0,Queens,28.9,7.3,48.8,14.5,17.9,12.1,46.3,53.7,243.0,495.0
30Q450,LONG ISLAND CITY HIGH SCHOOL,392.0,403.0,420.0,395.0,1218.0,Queens,2522.0,Queens,13.2,11.4,62.7,12.5,13.2,13.8,48.7,51.3,406.0,443.0
30Q501,FRANK SINATRA SCHOOL OF THE ARTS HIGH SCHOOL,174.0,504.0,496.0,494.0,1494.0,Queens,756.0,Queens,8.7,16.9,27.2,46.3,0.1,1.9,70.0,30.0,108.0,164.0
30Q502,INFORMATION TECHNOLOGY HIGH SCHOOL,148.0,407.0,434.0,398.0,1239.0,Queens,920.0,Queens,15.6,18.1,56.6,9.4,9.6,16.0,28.2,71.8,51.0,191.0
30Q555,NEWCOMERS HIGH SCHOOL,143.0,323.0,475.0,329.0,1127.0,Queens,929.0,Queens,48.3,5.6,43.5,2.6,90.3,0.0,46.8,53.2,119.0,145.0
30Q575,ACADEMY OF AMERICAN STUDIES,135.0,487.0,492.0,491.0,1470.0,Queens,810.0,Queens,29.1,6.8,34.7,29.4,5.7,8.0,55.0,45.0,101.0,134.0
30Q580,BACCALAUREATE SCHOOL FOR GLOBAL EDUCATION,61.0,524.0,568.0,544.0,1636.0,Queens,500.0,Queens,34.8,3.2,24.3,37.3,0.0,0.2,55.2,44.8,,71.0
31R047,CSI HIGH SCHOOL FOR INTERNATIONAL STUDIES,137.0,452.0,451.0,450.0,1353.0,Staten Island,527.0,Staten Island,11.5,12.0,17.9,58.5,0.2,13.9,58.5,41.5,,76.0
31R064,GAYNOR MCCOWN EXPEDITIONARY LEARNING SCHOOL,61.0,398.0,412.0,385.0,1195.0,Staten Island,467.0,Staten Island,5.9,15.7,17.6,60.0,1.0,22.8,48.0,52.0,,
31R080,THE MICHAEL J. PETRIDES SCHOOL,107.0,472.0,488.0,466.0,1426.0,Staten Island,1272.0,Staten Island,8.1,18.8,16.9,55.9,1.6,18.5,50.8,49.2,162.0,102.0
31R440,NEW DORP HIGH SCHOOL,391.0,424.0,437.0,416.0,1277.0,Staten Island,2734.0,Staten Island,7.0,12.1,27.3,53.3,5.9,16.9,47.5,52.5,96.0,384.0
31R445,PORT RICHMOND HIGH SCHOOL,271.0,424.0,438.0,417.0,1279.0,Staten Island,1794.0,Staten Island,6.8,30.9,37.6,24.2,5.3,20.9,45.2,54.8,194.0,341.0
31R450,CURTIS HIGH SCHOOL,375.0,437.0,435.0,429.0,1301.0,Staten Island,2396.0,Staten Island,7.3,38.4,31.9,21.8,6.1,14.7,53.6,46.4,247.0,458.0
31R455,TOTTENVILLE HIGH SCHOOL,807.0,462.0,486.0,470.0,1418.0,Staten Island,3957.0,Staten Island,5.4,2.1,9.9,82.1,1.4,13.9,50.4,49.6,396.0,896.0
31R460,SUSAN E. WAGNER HIGH SCHOOL,535.0,455.0,474.0,459.0,1388.0,Staten Island,3461.0,Staten Island,14.6,11.3,24.1,49.4,3.4,18.8,49.2,50.8,279.0,711.0
31R600,RALPH R. MCKEE CAREER AND TECHNICAL EDUCATION HIGH SCHOOL,94.0,416.0,422.0,397.0,1235.0,Staten Island,632.0,Staten Island,4.6,40.3,33.2,21.6,3.6,26.2,32.9,67.1,0.0,101.0
31R605,STATEN ISLAND TECHNICAL HIGH SCHOOL,227.0,635.0,682.0,636.0,1953.0,Staten Island,1235.0,Staten Island,31.8,1.1,5.3,61.3,0.1,0.5,43.0,57.0,528.0,288.0
32K403,ACADEMY FOR ENVIRONMENTAL LEADERSHIP,50.0,380.0,366.0,352.0,1098.0,Brooklyn,352.0,Brooklyn,0.6,21.0,77.1,0.8,32.9,17.7,50.0,50.0,,73.0
32K545,EBC HIGH SCHOOL FOR PUBLIC SERVICE–BUSHWICK,88.0,384.0,409.0,361.0,1154.0,Brooklyn,513.0,Brooklyn,1.7,9.2,88.1,0.7,15.3,12.2,47.9,52.1,47.0,109.0
32K549,BUSHWICK SCHOOL FOR SOCIAL JUSTICE,75.0,348.0,353.0,334.0,1035.0,Brooklyn,416.0,Brooklyn,0.5,28.3,68.7,1.8,18.2,18.4,51.6,48.4,,75.0
32K552,ACADEMY OF URBAN PLANNING,67.0,342.0,364.0,354.0,1060.0,Brooklyn,313.0,Brooklyn,1.5,26.4,70.4,1.0,23.9,22.1,45.5,54.5,76.0,62.0
32K554,ALL CITY LEADERSHIP SECONDARY SCHOOL,39.0,428.0,465.0,422.0,1315.0,Brooklyn,333.0,Brooklyn,5.3,12.9,79.5,1.5,2.7,4.9,47.9,52.1,7.0,38.0
32K556,BUSHWICK LEADERS HIGH SCHOOL FOR ACADEMIC EXCELLENCE,23.0,347.0,358.0,350.0,1055.0,Brooklyn,362.0,Brooklyn,0.9,21.2,77.3,0.0,18.2,18.6,46.8,53.2,34.0,66.0
